ogc_fid,time,wkb_geometry,date,hour,minute,second,longitude,latitude
11216,16:20:00.000,POINT (153.42458492968532 -27.958939414172836),2024-01-19,16,20,00.000,153.42458492968532,-27.958939414172836
11217,16:20:02.000,POINT (153.42458428101315 -27.95891980518496),2024-01-19,16,20,02.000,153.42458428101315,-27.95891980518496
11218,16:20:04.000,POINT (153.4245920241277 -27.95889480074645),2024-01-19,16,20,04.000,153.4245920241277,-27.95889480074645
11219,16:20:06.000,POINT (153.42460242542757 -27.95887436180912),2024-01-19,16,20,06.000,153.42460242542757,-27.95887436180912
11220,16:20:08.000,POINT (153.4246103091779 -27.95884826558867),2024-01-19,16,20,08.000,153.4246103091779,-27.95884826558867
11221,16:20:10.000,POINT (153.42462757491361 -27.958830518536924),2024-01-19,16,20,10.000,153.42462757491361,-27.958830518536924
11222,16:20:13.000,POINT (153.42463310623012 -27.95880016521257),2024-01-19,16,20,13.000,153.42463310623012,-27.95880016521257
11223,16:20:15.000,POINT (153.42463656622346 -27.958777705631018),2024-01-19,16,20,15.000,153.42463656622346,-27.958777705631018
11224,16:20:20.000,POINT (153.42463366005177 -27.958754728045058),2024-01-19,16,20,20.000,153.42463366005177,-27.958754728045058
11225,16:20:22.000,POINT (153.4246339488613 -27.95873202334703),2024-01-19,16,20,22.000,153.4246339488613,-27.95873202334703
11226,16:20:25.000,POINT (153.42465775524047 -27.958725878794798),2024-01-19,16,20,25.000,153.42465775524047,-27.958725878794798
11227,16:20:35.000,POINT (153.4246785742 -27.958726360160217),2024-01-19,16,20,35.000,153.4246785742,-27.958726360160217
11228,16:20:53.000,POINT (153.4246593547322 -27.958742616909884),2024-01-19,16,20,53.000,153.4246593547322,-27.958742616909884
11229,16:21:12.000,POINT (153.4246854995593 -27.95877269276883),2024-01-19,16,21,12.000,153.4246854995593,-27.95877269276883
11230,16:21:16.000,POINT (153.4246715477831 -27.958758251463056),2024-01-19,16,21,16.000,153.4246715477831,-27.958758251463056
11231,16:21:19.000,POINT (153.42466299754247 -27.95873320685399),2024-01-19,16,21,19.000,153.42466299754247,-27.95873320685399
11232,16:21:21.000,POINT (153.42466468565294 -27.958708875491812),2024-01-19,16,21,21.000,153.42466468565294,-27.958708875491812
11233,16:21:23.000,POINT (153.42466661411436 -27.9586835692444),2024-01-19,16,21,23.000,153.42466661411436,-27.9586835692444
11234,16:21:25.000,POINT (153.4246752171422 -27.958663282971223),2024-01-19,16,21,25.000,153.4246752171422,-27.958663282971223
11235,16:21:27.000,POINT (153.42467989857573 -27.958639185647087),2024-01-19,16,21,27.000,153.42467989857573,-27.958639185647087
11236,16:21:29.000,POINT (153.42468502530397 -27.958614099235877),2024-01-19,16,21,29.000,153.42468502530397,-27.958614099235877
11237,16:21:31.000,POINT (153.42469183724904 -27.95859123117306),2024-01-19,16,21,31.000,153.42469183724904,-27.95859123117306
11238,16:21:33.000,POINT (153.42470256700082 -27.9585727585996),2024-01-19,16,21,33.000,153.42470256700082,-27.9585727585996
11239,16:21:36.000,POINT (153.42471874264638 -27.95855371972633),2024-01-19,16,21,36.000,153.42471874264638,-27.95855371972633
11240,16:21:39.000,POINT (153.42473435853924 -27.95854067757016),2024-01-19,16,21,39.000,153.42473435853924,-27.95854067757016
11241,16:21:42.000,POINT (153.4247517852297 -27.958520519290158),2024-01-19,16,21,42.000,153.4247517852297,-27.958520519290158
11242,16:21:45.000,POINT (153.42477312073132 -27.958504785997174),2024-01-19,16,21,45.000,153.42477312073132,-27.958504785997174
11243,16:21:47.000,POINT (153.424787317704 -27.95848662574201),2024-01-19,16,21,47.000,153.424787317704,-27.95848662574201
11244,16:21:49.000,POINT (153.42479846565658 -27.95846959351377),2024-01-19,16,21,49.000,153.42479846565658,-27.95846959351377
11245,16:21:51.000,POINT (153.42481280200806 -27.958453202078147),2024-01-19,16,21,51.000,153.42481280200806,-27.958453202078147
11246,16:21:54.000,POINT (153.42483495330822 -27.958430798085214),2024-01-19,16,21,54.000,153.42483495330822,-27.958430798085214
11247,16:21:56.000,POINT (153.42485306856668 -27.958412299193853),2024-01-19,16,21,56.000,153.42485306856668,-27.958412299193853
11248,16:21:58.000,POINT (153.42487872854542 -27.958396083499732),2024-01-19,16,21,58.000,153.42487872854542,-27.958396083499732
11249,16:22:00.000,POINT (153.4249056870302 -27.958381224176982),2024-01-19,16,22,00.000,153.4249056870302,-27.958381224176982
11250,16:22:02.000,POINT (153.4249175580999 -27.9583628390418),2024-01-19,16,22,02.000,153.4249175580999,-27.9583628390418
11251,16:22:04.000,POINT (153.42492392482097 -27.958344193171374),2024-01-19,16,22,04.000,153.42492392482097,-27.958344193171374
11252,16:22:06.000,POINT (153.4249280142036 -27.958321905035657),2024-01-19,16,22,06.000,153.4249280142036,-27.958321905035657
11253,16:22:09.000,POINT (153.42492942304608 -27.95829661826872),2024-01-19,16,22,09.000,153.42492942304608,-27.95829661826872
11254,16:22:11.000,POINT (153.42493641164936 -27.958273357966384),2024-01-19,16,22,11.000,153.42493641164936,-27.958273357966384
11255,16:22:13.000,POINT (153.4249432697464 -27.95824988417681),2024-01-19,16,22,13.000,153.4249432697464,-27.95824988417681
11256,16:22:15.000,POINT (153.42494470859486 -27.958228061662606),2024-01-19,16,22,15.000,153.42494470859486,-27.958228061662606
11257,16:22:17.000,POINT (153.42495307036353 -27.958211239275926),2024-01-19,16,22,17.000,153.42495307036353,-27.958211239275926
11258,16:22:20.000,POINT (153.4249715218342 -27.9581887814846),2024-01-19,16,22,20.000,153.4249715218342,-27.9581887814846
11259,16:22:22.000,POINT (153.4249786004224 -27.95816593640195),2024-01-19,16,22,22.000,153.4249786004224,-27.95816593640195
11260,16:22:24.000,POINT (153.42499194534167 -27.958148108476163),2024-01-19,16,22,24.000,153.42499194534167,-27.958148108476163
11261,16:22:29.000,POINT (153.4250051201443 -27.95813333751345),2024-01-19,16,22,29.000,153.4250051201443,-27.95813333751345
11262,16:22:40.000,POINT (153.42502768831596 -27.95811013887244),2024-01-19,16,22,40.000,153.42502768831596,-27.95811013887244
11263,16:22:50.000,POINT (153.42501008049487 -27.95812232652408),2024-01-19,16,22,50.000,153.42501008049487,-27.95812232652408
11264,16:23:03.000,POINT (153.4250139127597 -27.958103101939766),2024-01-19,16,23,03.000,153.4250139127597,-27.958103101939766
11265,16:23:06.000,POINT (153.42501806299302 -27.9580782006582),2024-01-19,16,23,06.000,153.42501806299302,-27.9580782006582
11266,16:23:10.000,POINT (153.42502540448913 -27.958055606622057),2024-01-19,16,23,10.000,153.42502540448913,-27.958055606622057
11267,16:23:20.000,POINT (153.42505273756774 -27.958053443974293),2024-01-19,16,23,20.000,153.42505273756774,-27.958053443974293
11268,16:23:41.000,POINT (153.42502411267188 -27.95807632657764),2024-01-19,16,23,41.000,153.42502411267188,-27.95807632657764
11269,16:23:50.000,POINT (153.4250452098939 -27.95805964702963),2024-01-19,16,23,50.000,153.4250452098939,-27.95805964702963
11270,16:23:56.000,POINT (153.42506227784187 -27.958049375818536),2024-01-19,16,23,56.000,153.42506227784187,-27.958049375818536
11271,16:24:03.000,POINT (153.4250649852813 -27.958024072299075),2024-01-19,16,24,03.000,153.4250649852813,-27.958024072299075
11272,16:24:06.000,POINT (153.4250653460002 -27.95800124019153),2024-01-19,16,24,06.000,153.4250653460002,-27.95800124019153
11273,16:24:08.000,POINT (153.4250717009529 -27.957983875832326),2024-01-19,16,24,08.000,153.4250717009529,-27.957983875832326
11274,16:24:11.000,POINT (153.42506317061344 -27.95795897078497),2024-01-19,16,24,11.000,153.42506317061344,-27.95795897078497
11275,16:24:14.000,POINT (153.42508078838026 -27.957949538348824),2024-01-19,16,24,14.000,153.42508078838026,-27.957949538348824
11276,16:24:16.000,POINT (153.4251065297067 -27.95793125254241),2024-01-19,16,24,16.000,153.4251065297067,-27.95793125254241
11277,16:24:18.000,POINT (153.42512860554015 -27.957919703062764),2024-01-19,16,24,18.000,153.42512860554015,-27.957919703062764
11278,16:24:20.000,POINT (153.4251511633292 -27.957892699764937),2024-01-19,16,24,20.000,153.4251511633292,-27.957892699764937
11279,16:24:22.000,POINT (153.42517059815677 -27.957876315951985),2024-01-19,16,24,22.000,153.42517059815677,-27.957876315951985
11280,16:24:24.000,POINT (153.42519834872303 -27.957862902915046),2024-01-19,16,24,24.000,153.42519834872303,-27.957862902915046
11281,16:24:26.000,POINT (153.42522365737724 -27.957863150777367),2024-01-19,16,24,26.000,153.42522365737724,-27.957863150777367
11282,16:24:28.000,POINT (153.42524786247947 -27.957863805731133),2024-01-19,16,24,28.000,153.42524786247947,-27.957863805731133
11283,16:24:30.000,POINT (153.42528184112962 -27.95785996263119),2024-01-19,16,24,30.000,153.42528184112962,-27.95785996263119
11284,16:24:32.000,POINT (153.4253110803979 -27.957855171678315),2024-01-19,16,24,32.000,153.4253110803979,-27.957855171678315
11285,16:24:34.000,POINT (153.42534641730978 -27.957856600475623),2024-01-19,16,24,34.000,153.42534641730978,-27.957856600475623
11286,16:24:36.000,POINT (153.42537566746734 -27.957861374581686),2024-01-19,16,24,36.000,153.42537566746734,-27.957861374581686
11287,16:24:38.000,POINT (153.42540449405303 -27.957862677082904),2024-01-19,16,24,38.000,153.42540449405303,-27.957862677082904
11288,16:24:41.000,POINT (153.4254240800938 -27.957878068656697),2024-01-19,16,24,41.000,153.4254240800938,-27.957878068656697
11289,16:24:43.000,POINT (153.42544441706846 -27.957885700978903),2024-01-19,16,24,43.000,153.42544441706846,-27.957885700978903
11290,16:24:46.000,POINT (153.42546881952836 -27.95789717505414),2024-01-19,16,24,46.000,153.42546881952836,-27.95789717505414
11291,16:24:49.000,POINT (153.4254946376747 -27.95791329005788),2024-01-19,16,24,49.000,153.4254946376747,-27.95791329005788
11292,16:24:51.000,POINT (153.4255159567952 -27.957906950391106),2024-01-19,16,24,51.000,153.4255159567952,-27.957906950391106
11293,16:24:53.000,POINT (153.4255512372939 -27.957909123055604),2024-01-19,16,24,53.000,153.4255512372939,-27.957909123055604
11294,16:24:54.000,POINT (153.42557069482663 -27.957915914211476),2024-01-19,16,24,54.000,153.42557069482663,-27.957915914211476
11295,16:24:57.000,POINT (153.42559820673767 -27.95792522768043),2024-01-19,16,24,57.000,153.42559820673767,-27.95792522768043
11296,16:24:58.000,POINT (153.4256256979535 -27.957915604109495),2024-01-19,16,24,58.000,153.4256256979535,-27.957915604109495
11297,16:24:59.000,POINT (153.42564742165155 -27.957910422758996),2024-01-19,16,24,59.000,153.42564742165155,-27.957910422758996
11298,16:25:01.000,POINT (153.42567635932377 -27.957920987486983),2024-01-19,16,25,01.000,153.42567635932377,-27.957920987486983
11299,16:25:03.000,POINT (153.4256977420894 -27.95792940756131),2024-01-19,16,25,03.000,153.4256977420894,-27.95792940756131
11300,16:25:05.000,POINT (153.42572460872378 -27.95793572845912),2024-01-19,16,25,05.000,153.42572460872378,-27.95793572845912
11301,16:25:07.000,POINT (153.42574517753488 -27.957955281054424),2024-01-19,16,25,07.000,153.42574517753488,-27.957955281054424
11302,16:25:10.000,POINT (153.42576602307508 -27.957945625876548),2024-01-19,16,25,10.000,153.42576602307508,-27.957945625876548
11303,16:25:25.000,POINT (153.4257484235942 -27.957956702200413),2024-01-19,16,25,25.000,153.4257484235942,-27.957956702200413
11304,16:25:28.000,POINT (153.42577294587858 -27.957958391414152),2024-01-19,16,25,28.000,153.42577294587858,-27.957958391414152
11305,16:25:31.000,POINT (153.42579721685192 -27.957951097326184),2024-01-19,16,25,31.000,153.42579721685192,-27.957951097326184
11306,16:25:34.000,POINT (153.42582167539553 -27.95794925591472),2024-01-19,16,25,34.000,153.42582167539553,-27.95794925591472
11307,16:25:54.000,POINT (153.42581615313722 -27.957972254506764),2024-01-19,16,25,54.000,153.42581615313722,-27.957972254506764
11308,16:26:00.000,POINT (153.4258423325385 -27.95797591158172),2024-01-19,16,26,00.000,153.4258423325385,-27.95797591158172
11309,16:26:06.000,POINT (153.42585685048513 -27.957992742239323),2024-01-19,16,26,06.000,153.42585685048513,-27.957992742239323
11310,16:26:10.000,POINT (153.42589456321355 -27.957998744909606),2024-01-19,16,26,10.000,153.42589456321355,-27.957998744909606
11311,16:26:13.000,POINT (153.42590945685464 -27.958015527187655),2024-01-19,16,26,13.000,153.42590945685464,-27.958015527187655
11312,16:26:15.000,POINT (153.4259182293193 -27.958037230982065),2024-01-19,16,26,15.000,153.4259182293193,-27.958037230982065
11313,16:26:17.000,POINT (153.42595609692836 -27.958037875307163),2024-01-19,16,26,17.000,153.42595609692836,-27.958037875307163
11314,16:26:19.000,POINT (153.42598497923788 -27.95804271004684),2024-01-19,16,26,19.000,153.42598497923788,-27.95804271004684
11315,16:26:20.000,POINT (153.42601464780256 -27.958039742733718),2024-01-19,16,26,20.000,153.42601464780256,-27.958039742733718
11316,16:26:22.000,POINT (153.42604040211276 -27.958045026241592),2024-01-19,16,26,22.000,153.42604040211276,-27.958045026241592
11317,16:26:25.000,POINT (153.42606536003478 -27.958029999037304),2024-01-19,16,26,25.000,153.42606536003478,-27.958029999037304
11318,16:26:27.000,POINT (153.42609137764802 -27.95802440741885),2024-01-19,16,26,27.000,153.42609137764802,-27.95802440741885
11319,16:26:29.000,POINT (153.4261262798651 -27.958035478463888),2024-01-19,16,26,29.000,153.4261262798651,-27.958035478463888
11320,16:26:30.000,POINT (153.4261490224648 -27.958036392063477),2024-01-19,16,26,30.000,153.4261490224648,-27.958036392063477
11321,16:26:33.000,POINT (153.42616533584035 -27.958020071610466),2024-01-19,16,26,33.000,153.42616533584035,-27.958020071610466
11322,16:26:37.000,POINT (153.42617981206791 -27.958033028882156),2024-01-19,16,26,37.000,153.42617981206791,-27.958033028882156
11323,16:26:40.000,POINT (153.4262016337404 -27.95804379773299),2024-01-19,16,26,40.000,153.4262016337404,-27.95804379773299
11324,16:26:48.000,POINT (153.42622272640995 -27.958038312366302),2024-01-19,16,26,48.000,153.42622272640995,-27.958038312366302
11325,16:26:51.000,POINT (153.42624392636472 -27.958037423487966),2024-01-19,16,26,51.000,153.42624392636472,-27.958037423487966
11326,16:27:00.000,POINT (153.42623512210588 -27.958054014322087),2024-01-19,16,27,00.000,153.42623512210588,-27.958054014322087
11327,16:27:11.000,POINT (153.426255984438 -27.958075203906315),2024-01-19,16,27,11.000,153.426255984438,-27.958075203906315
11328,16:27:14.000,POINT (153.42627392661518 -27.958084189726243),2024-01-19,16,27,14.000,153.42627392661518,-27.958084189726243
11329,16:27:17.000,POINT (153.42629844925725 -27.958078753088607),2024-01-19,16,27,17.000,153.42629844925725,-27.958078753088607
11330,16:27:20.000,POINT (153.42631007476243 -27.958093858672928),2024-01-19,16,27,20.000,153.42631007476243,-27.958093858672928
11331,16:27:24.000,POINT (153.42631653746022 -27.95811586964764),2024-01-19,16,27,24.000,153.42631653746022,-27.95811586964764
11332,16:27:29.000,POINT (153.42631824886323 -27.958095755189767),2024-01-19,16,27,29.000,153.42631824886323,-27.958095755189767
11333,16:27:31.000,POINT (153.4263193419382 -27.95811722734325),2024-01-19,16,27,31.000,153.4263193419382,-27.95811722734325
11334,16:27:37.000,POINT (153.42632510540986 -27.958136735172324),2024-01-19,16,27,37.000,153.42632510540986,-27.958136735172324
11335,16:27:50.000,POINT (153.42634692456716 -27.958081466357516),2024-01-19,16,27,50.000,153.42634692456716,-27.958081466357516
11336,16:27:58.000,POINT (153.42636363020685 -27.958104225049922),2024-01-19,16,27,58.000,153.42636363020685,-27.958104225049922
11337,16:28:12.000,POINT (153.42633441932753 -27.958124197704006),2024-01-19,16,28,12.000,153.42633441932753,-27.958124197704006
11338,16:28:18.000,POINT (153.4263426996104 -27.958105865758178),2024-01-19,16,28,18.000,153.4263426996104,-27.958105865758178
11339,16:28:32.000,POINT (153.4263075755172 -27.95808469782519),2024-01-19,16,28,32.000,153.4263075755172,-27.95808469782519
11340,16:28:46.000,POINT (153.4263315484317 -27.95808307678481),2024-01-19,16,28,46.000,153.4263315484317,-27.95808307678481
11341,16:28:55.000,POINT (153.42616893486104 -27.957999684838196),2024-01-19,16,28,55.000,153.42616893486104,-27.957999684838196
11342,16:28:56.000,POINT (153.42613139386532 -27.95799623837838),2024-01-19,16,28,56.000,153.42613139386532,-27.95799623837838
11343,16:28:57.000,POINT (153.42608974901523 -27.95799181983681),2024-01-19,16,28,57.000,153.42608974901523,-27.95799181983681
11344,16:28:58.000,POINT (153.42603997432727 -27.957995363071845),2024-01-19,16,28,58.000,153.42603997432727,-27.957995363071845
11345,16:28:59.000,POINT (153.4259957370195 -27.958000052170977),2024-01-19,16,28,59.000,153.4259957370195,-27.958000052170977
11346,16:29:00.000,POINT (153.42594896599954 -27.958003025140684),2024-01-19,16,29,00.000,153.42594896599954,-27.958003025140684
11347,16:29:01.000,POINT (153.4259000425934 -27.958004825648718),2024-01-19,16,29,01.000,153.4259000425934,-27.958004825648718
11348,16:29:02.000,POINT (153.42582899316616 -27.958024753809166),2024-01-19,16,29,02.000,153.42582899316616,-27.958024753809166
11349,16:29:03.000,POINT (153.42576815726574 -27.958044578336466),2024-01-19,16,29,03.000,153.42576815726574,-27.958044578336466
11350,16:29:04.000,POINT (153.42561563742632 -27.958257059168318),2024-01-19,16,29,04.000,153.42561563742632,-27.958257059168318
11351,16:29:05.000,POINT (153.42556455781005 -27.95828124801012),2024-01-19,16,29,05.000,153.42556455781005,-27.95828124801012
11352,16:29:06.000,POINT (153.4255203851667 -27.95830211895126),2024-01-19,16,29,06.000,153.4255203851667,-27.95830211895126
11353,16:29:07.000,POINT (153.42547577415152 -27.958323279638815),2024-01-19,16,29,07.000,153.42547577415152,-27.958323279638815
11354,16:29:18.000,POINT (153.42498806268983 -27.958554748266856),2024-01-19,16,29,18.000,153.42498806268983,-27.958554748266856
11355,16:30:33.000,POINT (153.42609850851355 -27.957952036031287),2024-01-19,16,30,33.000,153.42609850851355,-27.957952036031287
11356,16:30:34.000,POINT (153.4260752343853 -27.958028288486467),2024-01-19,16,30,34.000,153.4260752343853,-27.958028288486467
11357,16:30:35.000,POINT (153.42607052462805 -27.95800713624393),2024-01-19,16,30,35.000,153.42607052462805,-27.95800713624393
11358,16:30:36.000,POINT (153.42606668897312 -27.957988942643077),2024-01-19,16,30,36.000,153.42606668897312,-27.957988942643077
11359,16:30:38.000,POINT (153.42607528057923 -27.95800539991542),2024-01-19,16,30,38.000,153.42607528057923,-27.95800539991542
11360,16:30:41.000,POINT (153.42609173361933 -27.958021982941332),2024-01-19,16,30,41.000,153.42609173361933,-27.958021982941332
11361,16:30:46.000,POINT (153.42599456841302 -27.95805699791745),2024-01-19,16,30,46.000,153.42599456841302,-27.95805699791745
11362,16:30:47.000,POINT (153.42595529690357 -27.958061059397863),2024-01-19,16,30,47.000,153.42595529690357,-27.958061059397863
11363,16:30:48.000,POINT (153.4260911469434 -27.957830518661233),2024-01-19,16,30,48.000,153.4260911469434,-27.957830518661233
11364,16:30:49.000,POINT (153.42613538384947 -27.957848519697233),2024-01-19,16,30,49.000,153.42613538384947,-27.957848519697233
11365,16:30:51.000,POINT (153.42615169422183 -27.95786269529786),2024-01-19,16,30,51.000,153.42615169422183,-27.95786269529786
11366,16:30:59.000,POINT (153.42625643533515 -27.95799109984708),2024-01-19,16,30,59.000,153.42625643533515,-27.95799109984708
11367,16:31:01.000,POINT (153.4262611114965 -27.95802508902863),2024-01-19,16,31,01.000,153.4262611114965,-27.95802508902863
11368,16:31:03.000,POINT (153.42619026535866 -27.957924483552393),2024-01-19,16,31,03.000,153.42619026535866,-27.957924483552393
11369,16:31:10.000,POINT (153.42615291537882 -27.957919131657167),2024-01-19,16,31,10.000,153.42615291537882,-27.957919131657167
11370,16:31:11.000,POINT (153.42615280529054 -27.957919251846157),2024-01-19,16,31,11.000,153.42615280529054,-27.957919251846157
11371,16:31:12.000,POINT (153.426199078059 -27.957853854125002),2024-01-19,16,31,12.000,153.426199078059,-27.957853854125002
11372,16:31:13.000,POINT (153.42617453031914 -27.957814803045597),2024-01-19,16,31,13.000,153.42617453031914,-27.957814803045597
11373,16:31:16.000,POINT (153.42616845258388 -27.957827376762697),2024-01-19,16,31,16.000,153.42616845258388,-27.957827376762697
11374,16:31:17.000,POINT (153.42603524908176 -27.957825323776635),2024-01-19,16,31,17.000,153.42603524908176,-27.957825323776635
11375,16:31:19.000,POINT (153.42605872229936 -27.95781851253574),2024-01-19,16,31,19.000,153.42605872229936,-27.95781851253574
11376,16:31:21.000,POINT (153.42608223909585 -27.957802341736034),2024-01-19,16,31,21.000,153.42608223909585,-27.957802341736034
11377,16:31:27.000,POINT (153.4260865194361 -27.957810662384325),2024-01-19,16,31,27.000,153.4260865194361,-27.957810662384325
11378,16:31:32.000,POINT (153.42614451284658 -27.957844387916253),2024-01-19,16,31,32.000,153.42614451284658,-27.957844387916253
11379,16:31:43.000,POINT (153.4261382354194 -27.957870311158374),2024-01-19,16,31,43.000,153.4261382354194,-27.957870311158374
11380,16:31:46.000,POINT (153.4260841896115 -27.957834727930507),2024-01-19,16,31,46.000,153.4260841896115,-27.957834727930507
11381,16:31:49.000,POINT (153.42608692325942 -27.957835146555798),2024-01-19,16,31,49.000,153.42608692325942,-27.957835146555798
11382,16:31:51.000,POINT (153.42608692325942 -27.957835146555798),2024-01-19,16,31,51.000,153.42608692325942,-27.957835146555798
11383,16:31:57.000,POINT (153.4261590698551 -27.95785665238285),2024-01-19,16,31,57.000,153.4261590698551,-27.95785665238285
11384,16:32:03.000,POINT (153.42614124460314 -27.957845039705933),2024-01-19,16,32,03.000,153.42614124460314,-27.957845039705933
11385,16:32:10.000,POINT (153.42620374503957 -27.9578084339138),2024-01-19,16,32,10.000,153.42620374503957,-27.9578084339138
11386,16:32:14.000,POINT (153.42623238554899 -27.957777704390846),2024-01-19,16,32,14.000,153.42623238554899,-27.957777704390846
11387,16:32:20.000,POINT (153.42620998454063 -27.957782545957617),2024-01-19,16,32,20.000,153.42620998454063,-27.957782545957617
11388,16:32:29.000,POINT (153.42621703987763 -27.95776409871275),2024-01-19,16,32,29.000,153.42621703987763,-27.95776409871275
11389,16:32:38.000,POINT (153.42616919750415 -27.957776852947745),2024-01-19,16,32,38.000,153.42616919750415,-27.957776852947745
11390,16:32:43.000,POINT (153.42618855654348 -27.95778242648155),2024-01-19,16,32,43.000,153.42618855654348,-27.95778242648155
11391,16:32:47.000,POINT (153.42618714973767 -27.95777105283698),2024-01-19,16,32,47.000,153.42618714973767,-27.95777105283698
11392,16:33:05.000,POINT (153.42615409528798 -27.9577765746609),2024-01-19,16,33,05.000,153.42615409528798,-27.9577765746609
11393,16:33:16.000,POINT (153.42614130175193 -27.95779353808676),2024-01-19,16,33,16.000,153.42614130175193,-27.95779353808676
11394,16:33:17.000,POINT (153.42616345270895 -27.957784214617803),2024-01-19,16,33,17.000,153.42616345270895,-27.957784214617803
11395,16:33:18.000,POINT (153.42620881969668 -27.957750446450614),2024-01-19,16,33,18.000,153.42620881969668,-27.957750446450614
11396,16:33:19.000,POINT (153.4262521480448 -27.957839049025377),2024-01-19,16,33,19.000,153.4262521480448,-27.957839049025377
11397,16:33:20.000,POINT (153.42615513242205 -27.957720364125),2024-01-19,16,33,20.000,153.42615513242205,-27.957720364125
11398,16:33:21.000,POINT (153.42615349519247 -27.957714554680805),2024-01-19,16,33,21.000,153.42615349519247,-27.957714554680805
11399,16:33:23.000,POINT (153.42615349519247 -27.957714554680805),2024-01-19,16,33,23.000,153.42615349519247,-27.957714554680805
11400,16:33:24.000,POINT (153.42615349519247 -27.957714554680805),2024-01-19,16,33,24.000,153.42615349519247,-27.957714554680805
11401,16:33:25.000,POINT (153.42615349519247 -27.957714554680805),2024-01-19,16,33,25.000,153.42615349519247,-27.957714554680805
11402,16:33:27.000,POINT (153.42615349519247 -27.957714554680805),2024-01-19,16,33,27.000,153.42615349519247,-27.957714554680805
11403,16:33:32.000,POINT (153.42615349519247 -27.957714554680805),2024-01-19,16,33,32.000,153.42615349519247,-27.957714554680805
11404,16:37:11.000,POINT (153.42627579261588 -27.957839958366232),2024-01-19,16,37,11.000,153.42627579261588,-27.957839958366232
11405,16:39:18.000,POINT (153.42641207283668 -27.957730596399156),2024-01-19,16,39,18.000,153.42641207283668,-27.957730596399156
11406,16:39:22.000,POINT (153.4263977757638 -27.957783110539406),2024-01-19,16,39,22.000,153.4263977757638,-27.957783110539406
11407,16:39:23.000,POINT (153.4263977757638 -27.957783110539406),2024-01-19,16,39,23.000,153.4263977757638,-27.957783110539406
11408,16:39:25.000,POINT (153.42640014173963 -27.957808437130797),2024-01-19,16,39,25.000,153.42640014173963,-27.957808437130797
11409,16:39:28.000,POINT (153.42641393438674 -27.957827065878302),2024-01-19,16,39,28.000,153.42641393438674,-27.957827065878302
11410,16:40:03.000,POINT (153.42664373499915 -27.957977484283347),2024-01-19,16,40,03.000,153.42664373499915,-27.957977484283347
11411,16:40:04.000,POINT (153.42656233253135 -27.957965530085968),2024-01-19,16,40,04.000,153.42656233253135,-27.957965530085968
11412,16:40:05.000,POINT (153.42653915495436 -27.957994486758743),2024-01-19,16,40,05.000,153.42653915495436,-27.957994486758743
11413,16:40:08.000,POINT (153.4265387376094 -27.958016415739763),2024-01-19,16,40,08.000,153.4265387376094,-27.958016415739763
11414,16:40:11.000,POINT (153.42654938264047 -27.958041230213084),2024-01-19,16,40,11.000,153.42654938264047,-27.958041230213084
11415,16:40:14.000,POINT (153.42652904582778 -27.958061209617544),2024-01-19,16,40,14.000,153.42652904582778,-27.958061209617544
11416,16:40:17.000,POINT (153.42650373350006 -27.95807476449207),2024-01-19,16,40,17.000,153.42650373350006,-27.95807476449207
11417,16:40:19.000,POINT (153.42647900349473 -27.958097180036102),2024-01-19,16,40,19.000,153.42647900349473,-27.958097180036102
11418,16:40:21.000,POINT (153.42645968645 -27.958113329897746),2024-01-19,16,40,21.000,153.42645968645,-27.958113329897746
11419,16:40:24.000,POINT (153.42647049513263 -27.95809362413223),2024-01-19,16,40,24.000,153.42647049513263,-27.95809362413223
11420,16:40:26.000,POINT (153.42645393474945 -27.95810526675607),2024-01-19,16,40,26.000,153.42645393474945,-27.95810526675607
11421,16:40:34.000,POINT (153.42642667305617 -27.958105110698334),2024-01-19,16,40,34.000,153.42642667305617,-27.958105110698334
11422,16:40:36.000,POINT (153.42639303911147 -27.958097090768543),2024-01-19,16,40,36.000,153.42639303911147,-27.958097090768543
11423,16:40:40.000,POINT (153.4263697095736 -27.958109734854567),2024-01-19,16,40,40.000,153.4263697095736,-27.958109734854567
11424,16:40:42.000,POINT (153.426354693396 -27.958051643831894),2024-01-19,16,40,42.000,153.426354693396,-27.958051643831894
11425,16:40:43.000,POINT (153.42633290676844 -27.957902562989933),2024-01-19,16,40,43.000,153.42633290676844,-27.957902562989933
11426,16:40:44.000,POINT (153.42636956235248 -27.957824992502626),2024-01-19,16,40,44.000,153.42636956235248,-27.957824992502626
11427,16:40:45.000,POINT (153.42635951284507 -27.957802095240535),2024-01-19,16,40,45.000,153.42635951284507,-27.957802095240535
11428,16:40:46.000,POINT (153.42635671397647 -27.95784552330994),2024-01-19,16,40,46.000,153.42635671397647,-27.95784552330994
11429,16:40:49.000,POINT (153.42635036532707 -27.957818333973954),2024-01-19,16,40,49.000,153.42635036532707,-27.957818333973954
11430,16:40:51.000,POINT (153.42631590565884 -27.95803450325531),2024-01-19,16,40,51.000,153.42631590565884,-27.95803450325531
11431,16:40:52.000,POINT (153.42637820013434 -27.958099961738508),2024-01-19,16,40,52.000,153.42637820013434,-27.958099961738508
11432,16:40:53.000,POINT (153.4263520255985 -27.958122535427965),2024-01-19,16,40,53.000,153.4263520255985,-27.958122535427965
11433,16:40:54.000,POINT (153.42632724780213 -27.95810487829568),2024-01-19,16,40,54.000,153.42632724780213,-27.95810487829568
11434,16:40:59.000,POINT (153.4262903790777 -27.958093118168964),2024-01-19,16,40,59.000,153.4262903790777,-27.958093118168964
11435,16:41:01.000,POINT (153.42624477308172 -27.958095158246536),2024-01-19,16,41,01.000,153.42624477308172,-27.958095158246536
11436,16:41:02.000,POINT (153.42621480675484 -27.958087759734465),2024-01-19,16,41,02.000,153.42621480675484,-27.958087759734465
11437,16:41:04.000,POINT (153.42618866076964 -27.958074094749325),2024-01-19,16,41,04.000,153.42618866076964,-27.958074094749325
11438,16:41:08.000,POINT (153.42616808334213 -27.95806884297381),2024-01-19,16,41,08.000,153.42616808334213,-27.95806884297381
11439,16:41:11.000,POINT (153.42615092528484 -27.958054886367865),2024-01-19,16,41,11.000,153.42615092528484,-27.958054886367865
11440,16:41:13.000,POINT (153.4261281181813 -27.95805063525616),2024-01-19,16,41,13.000,153.4261281181813,-27.95805063525616
11441,16:41:15.000,POINT (153.42606435113134 -27.958043259741157),2024-01-19,16,41,15.000,153.42606435113134,-27.958043259741157
11442,16:41:16.000,POINT (153.42606935365214 -27.9580612867916),2024-01-19,16,41,16.000,153.42606935365214,-27.9580612867916
11443,16:41:19.000,POINT (153.4260450468542 -27.958065250748977),2024-01-19,16,41,19.000,153.4260450468542,-27.958065250748977
11444,16:41:22.000,POINT (153.42602446043233 -27.95806085412668),2024-01-19,16,41,22.000,153.42602446043233,-27.95806085412668
11445,16:41:24.000,POINT (153.42601031827462 -27.958035250100227),2024-01-19,16,41,24.000,153.42601031827462,-27.958035250100227
11446,16:41:25.000,POINT (153.42599723479944 -27.958020485702377),2024-01-19,16,41,25.000,153.42599723479944,-27.958020485702377
11447,16:41:29.000,POINT (153.42601424284044 -27.958005781152927),2024-01-19,16,41,29.000,153.42601424284044,-27.958005781152927
11448,16:41:31.000,POINT (153.42598217435088 -27.957990104310756),2024-01-19,16,41,31.000,153.42598217435088,-27.957990104310756
11449,16:41:33.000,POINT (153.42593208746726 -27.95799609507505),2024-01-19,16,41,33.000,153.42593208746726,-27.95799609507505
11450,16:41:34.000,POINT (153.42590749031697 -27.958007468226302),2024-01-19,16,41,34.000,153.42590749031697,-27.958007468226302
11451,16:41:35.000,POINT (153.42588407865568 -27.95802473283408),2024-01-19,16,41,35.000,153.42588407865568,-27.95802473283408
11452,16:41:37.000,POINT (153.4258506292818 -27.958036304552905),2024-01-19,16,41,37.000,153.4258506292818,-27.958036304552905
11453,16:41:38.000,POINT (153.4258250558756 -27.958036349523102),2024-01-19,16,41,38.000,153.4258250558756,-27.958036349523102
11454,16:41:40.000,POINT (153.42580095932206 -27.958035428585475),2024-01-19,16,41,40.000,153.42580095932206,-27.958035428585475
11455,16:41:42.000,POINT (153.42577971201342 -27.958032503673213),2024-01-19,16,41,42.000,153.42577971201342,-27.958032503673213
11456,16:41:46.000,POINT (153.42577719951265 -27.958052042849992),2024-01-19,16,41,46.000,153.42577719951265,-27.958052042849992
11457,16:41:49.000,POINT (153.42576301702675 -27.958070672298767),2024-01-19,16,41,49.000,153.42576301702675,-27.958070672298767
11458,16:41:53.000,POINT (153.42576579068432 -27.958098328120467),2024-01-19,16,41,53.000,153.42576579068432,-27.958098328120467
11459,16:41:55.000,POINT (153.4257612393494 -27.958129656954778),2024-01-19,16,41,55.000,153.4257612393494,-27.958129656954778
11460,16:41:58.000,POINT (153.42576860387473 -27.95815568743616),2024-01-19,16,41,58.000,153.42576860387473,-27.95815568743616
11461,16:42:00.000,POINT (153.42576594634835 -27.95817836799891),2024-01-19,16,42,00.000,153.42576594634835,-27.95817836799891
11462,16:42:02.000,POINT (153.42577498942532 -27.958197506653914),2024-01-19,16,42,02.000,153.42577498942532,-27.958197506653914
11463,16:42:04.000,POINT (153.42578229712294 -27.958226503586246),2024-01-19,16,42,04.000,153.42578229712294,-27.958226503586246
11464,16:42:07.000,POINT (153.42578524384484 -27.958260430182907),2024-01-19,16,42,07.000,153.42578524384484,-27.958260430182907
11465,16:42:09.000,POINT (153.4257877611507 -27.958279573704022),2024-01-19,16,42,09.000,153.4257877611507,-27.958279573704022
11466,16:42:16.000,POINT (153.42579652699914 -27.958305219436802),2024-01-19,16,42,16.000,153.42579652699914,-27.958305219436802
11467,16:42:19.000,POINT (153.42582496772044 -27.95831225783978),2024-01-19,16,42,19.000,153.42582496772044,-27.95831225783978
11468,16:42:23.000,POINT (153.42584829835928 -27.958296474661022),2024-01-19,16,42,23.000,153.42584829835928,-27.958296474661022
11469,16:42:27.000,POINT (153.42587387311193 -27.95830173973357),2024-01-19,16,42,27.000,153.42587387311193,-27.95830173973357
11470,16:42:29.000,POINT (153.42589081774744 -27.95831724667415),2024-01-19,16,42,29.000,153.42589081774744,-27.95831724667415
11471,16:42:34.000,POINT (153.42586731831807 -27.95832783952822),2024-01-19,16,42,34.000,153.42586731831807,-27.95832783952822
11472,16:42:37.000,POINT (153.42584837651168 -27.958356796112263),2024-01-19,16,42,37.000,153.42584837651168,-27.958356796112263
11473,16:42:38.000,POINT (153.42586548412845 -27.958374481303842),2024-01-19,16,42,38.000,153.42586548412845,-27.958374481303842
11474,16:42:40.000,POINT (153.42587517429044 -27.95839127661699),2024-01-19,16,42,40.000,153.42587517429044,-27.95839127661699
11475,16:42:41.000,POINT (153.425878003189 -27.95841117353951),2024-01-19,16,42,41.000,153.425878003189,-27.95841117353951
11476,16:42:42.000,POINT (153.4258667231118 -27.958390909808248),2024-01-19,16,42,42.000,153.4258667231118,-27.958390909808248
11477,16:42:43.000,POINT (153.42586323578718 -27.958409762746264),2024-01-19,16,42,43.000,153.42586323578718,-27.958409762746264
11478,16:42:45.000,POINT (153.42585417745167 -27.958458933198425),2024-01-19,16,42,45.000,153.42585417745167,-27.958458933198425
11479,16:42:49.000,POINT (153.42583791774535 -27.958479058806024),2024-01-19,16,42,49.000,153.42583791774535,-27.958479058806024
11480,16:42:52.000,POINT (153.42587920768133 -27.958464210611687),2024-01-19,16,42,52.000,153.42587920768133,-27.958464210611687
11481,16:43:10.000,POINT (153.42589060737333 -27.95848475345441),2024-01-19,16,43,10.000,153.42589060737333,-27.95848475345441
11482,16:43:19.000,POINT (153.4259085942641 -27.95849948548684),2024-01-19,16,43,19.000,153.4259085942641,-27.95849948548684
11483,16:43:26.000,POINT (153.4259279930191 -27.958509892658626),2024-01-19,16,43,26.000,153.4259279930191,-27.958509892658626
11484,16:43:48.000,POINT (153.4259538754957 -27.958507178670825),2024-01-19,16,43,48.000,153.4259538754957,-27.958507178670825
11485,16:44:13.000,POINT (153.42593382561734 -27.95851048793071),2024-01-19,16,44,13.000,153.42593382561734,-27.95851048793071
11486,16:44:25.000,POINT (153.4259112800268 -27.958496676659312),2024-01-19,16,44,25.000,153.4259112800268,-27.958496676659312
11487,16:45:01.000,POINT (153.4258993563973 -27.958481946423678),2024-01-19,16,45,01.000,153.4258993563973,-27.958481946423678
11488,16:45:40.000,POINT (153.42587639861244 -27.95847367991808),2024-01-19,16,45,40.000,153.42587639861244,-27.95847367991808
11489,16:45:44.000,POINT (153.42587798686264 -27.95849703252237),2024-01-19,16,45,44.000,153.42587798686264,-27.95849703252237
11490,16:45:46.000,POINT (153.42588956032506 -27.958513184691093),2024-01-19,16,45,46.000,153.42588956032506,-27.958513184691093
11491,16:45:55.000,POINT (153.42590989646172 -27.958510769486274),2024-01-19,16,45,55.000,153.42590989646172,-27.958510769486274
11492,16:46:07.000,POINT (153.42593131326663 -27.958512621451863),2024-01-19,16,46,07.000,153.42593131326663,-27.958512621451863
11493,16:46:23.000,POINT (153.42595209969195 -27.958513975000272),2024-01-19,16,46,23.000,153.42595209969195,-27.958513975000272
11494,16:46:41.000,POINT (153.42593153871186 -27.958517900460066),2024-01-19,16,46,41.000,153.42593153871186,-27.958517900460066
11495,16:46:49.000,POINT (153.42591143561214 -27.95850811109764),2024-01-19,16,46,49.000,153.42591143561214,-27.95850811109764
11496,16:47:37.000,POINT (153.42588288263073 -27.958514478671464),2024-01-19,16,47,37.000,153.42588288263073,-27.958514478671464
11497,16:47:45.000,POINT (153.4259084913356 -27.958511030887173),2024-01-19,16,47,45.000,153.4259084913356,-27.958511030887173
11498,16:48:10.000,POINT (153.42592672125167 -27.95849539193686),2024-01-19,16,48,10.000,153.42592672125167,-27.95849539193686
11499,16:48:14.000,POINT (153.42590419229572 -27.958498478734082),2024-01-19,16,48,14.000,153.42590419229572,-27.958498478734082
11500,16:48:23.000,POINT (153.4258528402647 -27.958497193466698),2024-01-19,16,48,23.000,153.4258528402647,-27.958497193466698
11501,16:48:29.000,POINT (153.42584624995382 -27.958516419803622),2024-01-19,16,48,29.000,153.42584624995382,-27.958516419803622
11502,16:48:39.000,POINT (153.42583648223422 -27.95849522254597),2024-01-19,16,48,39.000,153.42583648223422,-27.95849522254597
11503,16:48:53.000,POINT (153.42582061052718 -27.95851725409493),2024-01-19,16,48,53.000,153.42582061052718,-27.95851725409493
11504,16:49:23.000,POINT (153.4258418424823 -27.958511928577455),2024-01-19,16,49,23.000,153.4258418424823,-27.958511928577455
11505,16:50:13.000,POINT (153.4258418059753 -27.95853278214571),2024-01-19,16,50,13.000,153.4258418059753,-27.95853278214571
11506,16:50:17.000,POINT (153.42582013186887 -27.958522337787624),2024-01-19,16,50,17.000,153.42582013186887,-27.958522337787624
11507,16:50:20.000,POINT (153.42582313283344 -27.958503915323014),2024-01-19,16,50,20.000,153.42582313283344,-27.958503915323014
11508,16:50:25.000,POINT (153.42584013545644 -27.958487978801195),2024-01-19,16,50,25.000,153.42584013545644,-27.958487978801195
11509,16:50:42.000,POINT (153.42587754282707 -27.958440910493),2024-01-19,16,50,42.000,153.42587754282707,-27.958440910493
11510,16:54:06.000,POINT (153.42587224448758 -27.958422183880028),2024-01-19,16,54,06.000,153.42587224448758,-27.958422183880028
11511,16:54:27.000,POINT (153.42589397642743 -27.958426957178627),2024-01-19,16,54,27.000,153.42589397642743,-27.958426957178627
11512,16:54:46.000,POINT (153.42587868528176 -27.958449541826784),2024-01-19,16,54,46.000,153.42587868528176,-27.958449541826784
11513,16:54:49.000,POINT (153.42589259067532 -27.958467858711934),2024-01-19,16,54,49.000,153.42589259067532,-27.958467858711934
11514,16:54:51.000,POINT (153.42591449799815 -27.9584679049718),2024-01-19,16,54,51.000,153.42591449799815,-27.9584679049718
11515,16:55:01.000,POINT (153.42590001052935 -27.95844742254755),2024-01-19,16,55,01.000,153.42590001052935,-27.95844742254755
11516,16:55:09.000,POINT (153.42592324575656 -27.95844969903017),2024-01-19,16,55,09.000,153.42592324575656,-27.95844969903017
11517,16:55:25.000,POINT (153.4259074374449 -27.958467840218173),2024-01-19,16,55,25.000,153.4259074374449,-27.958467840218173
11518,16:55:32.000,POINT (153.42588654673807 -27.95845741531127),2024-01-19,16,55,32.000,153.42588654673807,-27.95845741531127
11519,16:55:51.000,POINT (153.42587457965612 -27.958472195925776),2024-01-19,16,55,51.000,153.42587457965612,-27.958472195925776
11520,16:56:00.000,POINT (153.42589202456315 -27.958462770540805),2024-01-19,16,56,00.000,153.42589202456315,-27.958462770540805
11521,16:56:07.000,POINT (153.42586231662614 -27.958472103694405),2024-01-19,16,56,07.000,153.42586231662614,-27.958472103694405
11522,16:57:06.000,POINT (153.42587617940438 -27.958456564005186),2024-01-19,16,57,06.000,153.42587617940438,-27.958456564005186
11523,16:57:40.000,POINT (153.42590035790755 -27.958461804399114),2024-01-19,16,57,40.000,153.42590035790755,-27.958461804399114
11524,16:58:07.000,POINT (153.42590896964535 -27.95849376832476),2024-01-19,16,58,07.000,153.42590896964535,-27.95849376832476
11525,16:58:08.000,POINT (153.42590354344244 -27.958473612999878),2024-01-19,16,58,08.000,153.42590354344244,-27.958473612999878
11526,16:58:38.000,POINT (153.4258842507153 -27.958483876858264),2024-01-19,16,58,38.000,153.4258842507153,-27.958483876858264
11527,16:58:45.000,POINT (153.42590308653376 -27.95847650881451),2024-01-19,16,58,45.000,153.42590308653376,-27.95847650881451
11528,16:58:52.000,POINT (153.42587519228715 -27.958487542397066),2024-01-19,16,58,52.000,153.42587519228715,-27.958487542397066
11529,16:59:06.000,POINT (153.42589190764977 -27.958472340486335),2024-01-19,16,59,06.000,153.42589190764977,-27.958472340486335
11530,16:59:11.000,POINT (153.42585204829788 -27.9584945502567),2024-01-19,16,59,11.000,153.42585204829788,-27.9584945502567
11531,16:59:15.000,POINT (153.4258424985489 -27.958474147179476),2024-01-19,16,59,15.000,153.4258424985489,-27.958474147179476
11532,16:59:22.000,POINT (153.4258339341635 -27.958456222087626),2024-01-19,16,59,22.000,153.4258339341635,-27.958456222087626
11533,16:59:42.000,POINT (153.42585202043367 -27.958442840001663),2024-01-19,16,59,42.000,153.42585202043367,-27.958442840001663
11534,17:00:00.000,POINT (153.42586800484952 -27.95845657756958),2024-01-19,17,00,00.000,153.42586800484952,-27.95845657756958
11535,17:00:14.000,POINT (153.42585409540737 -27.958470623410058),2024-01-19,17,00,14.000,153.42585409540737,-27.958470623410058
11536,17:00:39.000,POINT (153.42587220821483 -27.958459304277774),2024-01-19,17,00,39.000,153.42587220821483,-27.958459304277774
11537,17:01:01.000,POINT (153.42589722010325 -27.958457528725955),2024-01-19,17,01,01.000,153.42589722010325,-27.958457528725955
11538,17:01:18.000,POINT (153.42587183221596 -27.958462706868463),2024-01-19,17,01,18.000,153.42587183221596,-27.958462706868463
11539,17:01:31.000,POINT (153.42589201936298 -27.95846880544897),2024-01-19,17,01,31.000,153.42589201936298,-27.95846880544897
11540,17:01:35.000,POINT (153.4258893179091 -27.958449782370398),2024-01-19,17,01,35.000,153.4258893179091,-27.958449782370398
11541,17:01:37.000,POINT (153.42590946270332 -27.958437187697736),2024-01-19,17,01,37.000,153.42590946270332,-27.958437187697736
11542,17:01:44.000,POINT (153.4259235887277 -27.958418424843657),2024-01-19,17,01,44.000,153.4259235887277,-27.958418424843657
11543,17:01:53.000,POINT (153.4259125085541 -27.958396676897664),2024-01-19,17,01,53.000,153.4259125085541,-27.958396676897664
11544,17:01:55.000,POINT (153.42591163281463 -27.958376329128793),2024-01-19,17,01,55.000,153.42591163281463,-27.958376329128793
11545,17:01:56.000,POINT (153.42587757578752 -27.958435059948524),2024-01-19,17,01,56.000,153.42587757578752,-27.958435059948524
11546,17:01:57.000,POINT (153.42582881367252 -27.95837620179979),2024-01-19,17,01,57.000,153.42582881367252,-27.95837620179979
11547,17:01:58.000,POINT (153.42582863174997 -27.958390688923696),2024-01-19,17,01,58.000,153.42582863174997,-27.958390688923696
11548,17:02:24.000,POINT (153.425849174453 -27.958395504019084),2024-01-19,17,02,24.000,153.425849174453,-27.958395504019084
11549,17:02:43.000,POINT (153.42581194199636 -27.95838850437445),2024-01-19,17,02,43.000,153.42581194199636,-27.95838850437445
11550,17:02:44.000,POINT (153.42580584923834 -27.958414803012882),2024-01-19,17,02,44.000,153.42580584923834,-27.958414803012882
11551,17:02:47.000,POINT (153.4258248183248 -27.958421797947846),2024-01-19,17,02,47.000,153.4258248183248,-27.958421797947846
11552,17:03:11.000,POINT (153.42581996070174 -27.958397174193816),2024-01-19,17,03,11.000,153.42581996070174,-27.958397174193816
11553,17:03:17.000,POINT (153.42584744319848 -27.958411363792145),2024-01-19,17,03,17.000,153.42584744319848,-27.958411363792145
11554,17:03:19.000,POINT (153.4258267744845 -27.95841327149647),2024-01-19,17,03,19.000,153.4258267744845,-27.95841327149647
11555,17:03:21.000,POINT (153.4258357156992 -27.958405881931593),2024-01-19,17,03,21.000,153.4258357156992,-27.958405881931593
11556,17:03:28.000,POINT (153.42582016239976 -27.958419431026027),2024-01-19,17,03,28.000,153.42582016239976,-27.958419431026027
11557,17:03:34.000,POINT (153.42584071713043 -27.95841906099527),2024-01-19,17,03,34.000,153.42584071713043,-27.95841906099527
11558,17:03:41.000,POINT (153.4258115510072 -27.95842416507003),2024-01-19,17,03,41.000,153.4258115510072,-27.95842416507003
11559,17:03:44.000,POINT (153.4257862225957 -27.958416259171823),2024-01-19,17,03,44.000,153.4257862225957,-27.958416259171823
11560,17:04:10.000,POINT (153.42586507780234 -27.958421753406867),2024-01-19,17,04,10.000,153.42586507780234,-27.958421753406867
11561,17:04:20.000,POINT (153.42584786730635 -27.958395356978777),2024-01-19,17,04,20.000,153.42584786730635,-27.958395356978777
11562,17:04:33.000,POINT (153.42583993373992 -27.958413483573846),2024-01-19,17,04,33.000,153.42583993373992,-27.958413483573846
11563,17:04:46.000,POINT (153.4258428452151 -27.958384921597442),2024-01-19,17,04,46.000,153.4258428452151,-27.958384921597442
11564,17:04:47.000,POINT (153.4258444881137 -27.95838433559651),2024-01-19,17,04,47.000,153.4258444881137,-27.95838433559651
11565,17:05:01.000,POINT (153.42586181022517 -27.958410214400313),2024-01-19,17,05,01.000,153.42586181022517,-27.958410214400313
11566,17:05:04.000,POINT (153.42588352341778 -27.958412982678833),2024-01-19,17,05,04.000,153.42588352341778,-27.958412982678833
11567,17:05:06.000,POINT (153.42585023702742 -27.95840341606618),2024-01-19,17,05,06.000,153.42585023702742,-27.95840341606618
11568,17:05:15.000,POINT (153.42582863553943 -27.95839796865507),2024-01-19,17,05,15.000,153.42582863553943,-27.95839796865507
11569,17:05:28.000,POINT (153.4258053104634 -27.95840519079349),2024-01-19,17,05,28.000,153.4258053104634,-27.95840519079349
11570,17:05:45.000,POINT (153.4258342488076 -27.95840228895405),2024-01-19,17,05,45.000,153.4258342488076,-27.95840228895405
11571,17:05:56.000,POINT (153.42580296264356 -27.95843074636699),2024-01-19,17,05,56.000,153.42580296264356,-27.95843074636699
11572,17:06:00.000,POINT (153.4258041527686 -27.958410670838283),2024-01-19,17,06,00.000,153.4258041527686,-27.958410670838283
11573,17:06:39.000,POINT (153.42582451752259 -27.95840595362665),2024-01-19,17,06,39.000,153.42582451752259,-27.95840595362665
11574,17:06:52.000,POINT (153.425824833012 -27.958384957013152),2024-01-19,17,06,52.000,153.425824833012,-27.958384957013152
11575,17:06:58.000,POINT (153.4258402084117 -27.95839730094631),2024-01-19,17,06,58.000,153.4258402084117,-27.95839730094631
11576,17:07:01.000,POINT (153.4258598373688 -27.958408723907297),2024-01-19,17,07,01.000,153.4258598373688,-27.958408723907297
11577,17:07:10.000,POINT (153.42583447932364 -27.95841470430686),2024-01-19,17,07,10.000,153.42583447932364,-27.95841470430686
11578,17:07:25.000,POINT (153.4258203715943 -27.958390639360847),2024-01-19,17,07,25.000,153.4258203715943,-27.958390639360847
11579,17:08:15.000,POINT (153.4257951828838 -27.958398649347348),2024-01-19,17,08,15.000,153.4257951828838,-27.958398649347348
11580,17:08:20.000,POINT (153.4258170945091 -27.958415137710006),2024-01-19,17,08,20.000,153.4258170945091,-27.958415137710006
11581,17:08:26.000,POINT (153.42579529175907 -27.95841710360821),2024-01-19,17,08,26.000,153.42579529175907,-27.95841710360821
11582,17:08:40.000,POINT (153.42581578094436 -27.95841389272861),2024-01-19,17,08,40.000,153.42581578094436,-27.95841389272861
11583,17:08:45.000,POINT (153.42583376076536 -27.958423451485256),2024-01-19,17,08,45.000,153.42583376076536,-27.958423451485256
11584,17:08:50.000,POINT (153.42585633144083 -27.958423149732017),2024-01-19,17,08,50.000,153.42585633144083,-27.958423149732017
11585,17:08:57.000,POINT (153.42584610524042 -27.95840531430441),2024-01-19,17,08,57.000,153.42584610524042,-27.95840531430441
11586,17:09:00.000,POINT (153.4258267419932 -27.95841137140602),2024-01-19,17,09,00.000,153.4258267419932,-27.95841137140602
11587,17:09:13.000,POINT (153.42582803002963 -27.958385374069728),2024-01-19,17,09,13.000,153.42582803002963,-27.958385374069728
11588,17:09:17.000,POINT (153.42580684207962 -27.958366695746673),2024-01-19,17,09,17.000,153.42580684207962,-27.958366695746673
11589,17:09:18.000,POINT (153.4258259917154 -27.958349740802834),2024-01-19,17,09,18.000,153.4258259917154,-27.958349740802834
11590,17:09:21.000,POINT (153.42585259640376 -27.95834857665655),2024-01-19,17,09,21.000,153.42585259640376,-27.95834857665655
11591,17:09:23.000,POINT (153.42583826405615 -27.958321919342524),2024-01-19,17,09,23.000,153.42583826405615,-27.958321919342524
11592,17:09:25.000,POINT (153.4258198910125 -27.958310481556502),2024-01-19,17,09,25.000,153.4258198910125,-27.958310481556502
11593,17:09:27.000,POINT (153.42579539882698 -27.958307480603736),2024-01-19,17,09,27.000,153.42579539882698,-27.958307480603736
11594,17:09:29.000,POINT (153.42576529902763 -27.958311059568672),2024-01-19,17,09,29.000,153.42576529902763,-27.958311059568672
11595,17:09:32.000,POINT (153.42574419151987 -27.958285267502504),2024-01-19,17,09,32.000,153.42574419151987,-27.958285267502504
11596,17:09:33.000,POINT (153.42573797724776 -27.958257507555974),2024-01-19,17,09,33.000,153.42573797724776,-27.958257507555974
11597,17:09:35.000,POINT (153.4257377423674 -27.95822280218403),2024-01-19,17,09,35.000,153.4257377423674,-27.95822280218403
11598,17:09:36.000,POINT (153.4257346815249 -27.958201490409255),2024-01-19,17,09,36.000,153.4257346815249,-27.958201490409255
11599,17:09:37.000,POINT (153.42572793354734 -27.95816664433286),2024-01-19,17,09,37.000,153.42572793354734,-27.95816664433286
11600,17:09:38.000,POINT (153.42572412227952 -27.958136771744787),2024-01-19,17,09,38.000,153.42572412227952,-27.958136771744787
11601,17:09:39.000,POINT (153.42572323562288 -27.958115859460065),2024-01-19,17,09,39.000,153.42572323562288,-27.958115859460065
11602,17:09:40.000,POINT (153.4257195117416 -27.95808859517033),2024-01-19,17,09,40.000,153.4257195117416,-27.95808859517033
11603,17:09:41.000,POINT (153.42572509580683 -27.9580515602906),2024-01-19,17,09,41.000,153.42572509580683,-27.9580515602906
11604,17:09:42.000,POINT (153.4257196943232 -27.958011951427103),2024-01-19,17,09,42.000,153.4257196943232,-27.958011951427103
11605,17:09:43.000,POINT (153.42571197303374 -27.957986513891065),2024-01-19,17,09,43.000,153.42571197303374,-27.957986513891065
11606,17:09:45.000,POINT (153.42569003655555 -27.95796645449912),2024-01-19,17,09,45.000,153.42569003655555,-27.95796645449912
11607,17:09:48.000,POINT (153.42567429926487 -27.957949228006616),2024-01-19,17,09,48.000,153.42567429926487,-27.957949228006616
11608,17:09:50.000,POINT (153.42563770349358 -27.957943187157372),2024-01-19,17,09,50.000,153.42563770349358,-27.957943187157372
11609,17:09:52.000,POINT (153.4256156027986 -27.957932722115974),2024-01-19,17,09,52.000,153.4256156027986,-27.957932722115974
11610,17:09:54.000,POINT (153.4255867782082 -27.95792561930221),2024-01-19,17,09,54.000,153.4255867782082,-27.95792561930221
11611,17:09:56.000,POINT (153.42554392434215 -27.95791376221768),2024-01-19,17,09,56.000,153.42554392434215,-27.95791376221768
11612,17:09:58.000,POINT (153.42551834081013 -27.957902506814033),2024-01-19,17,09,58.000,153.42551834081013,-27.957902506814033
11613,17:10:00.000,POINT (153.42548941487075 -27.95788190594218),2024-01-19,17,10,00.000,153.42548941487075,-27.95788190594218
11614,17:10:02.000,POINT (153.42547535806906 -27.957861903383428),2024-01-19,17,10,02.000,153.42547535806906,-27.957861903383428
11615,17:10:04.000,POINT (153.4254511667138 -27.957854535455176),2024-01-19,17,10,04.000,153.4254511667138,-27.957854535455176
11616,17:10:06.000,POINT (153.42542552121412 -27.957854863499985),2024-01-19,17,10,06.000,153.42542552121412,-27.957854863499985
11617,17:10:07.000,POINT (153.425406181478 -27.957849015510323),2024-01-19,17,10,07.000,153.425406181478,-27.957849015510323
11618,17:10:09.000,POINT (153.42536891519708 -27.95784453023956),2024-01-19,17,10,09.000,153.42536891519708,-27.95784453023956
11619,17:10:11.000,POINT (153.42534140948635 -27.95783055192148),2024-01-19,17,10,11.000,153.42534140948635,-27.95783055192148
11620,17:10:13.000,POINT (153.42530481653432 -27.957823175123472),2024-01-19,17,10,13.000,153.42530481653432,-27.957823175123472
11621,17:10:15.000,POINT (153.42527130310663 -27.9578150070681),2024-01-19,17,10,15.000,153.42527130310663,-27.9578150070681
11622,17:10:17.000,POINT (153.4252380046547 -27.95780724595583),2024-01-19,17,10,17.000,153.4252380046547,-27.95780724595583
11623,17:10:19.000,POINT (153.42521221082572 -27.957792456818545),2024-01-19,17,10,19.000,153.42521221082572,-27.957792456818545
11624,17:10:21.000,POINT (153.42518608801336 -27.9577783553855),2024-01-19,17,10,21.000,153.42518608801336,-27.9577783553855
11625,17:10:23.000,POINT (153.42516542143215 -27.957775489384172),2024-01-19,17,10,23.000,153.42516542143215,-27.957775489384172
11626,17:10:26.000,POINT (153.4251296147218 -27.957776087462808),2024-01-19,17,10,26.000,153.4251296147218,-27.957776087462808
11627,17:10:28.000,POINT (153.4250985432666 -27.95778080965906),2024-01-19,17,10,28.000,153.4250985432666,-27.95778080965906
11628,17:10:30.000,POINT (153.42507456649966 -27.95777198999032),2024-01-19,17,10,30.000,153.42507456649966,-27.95777198999032
11629,17:10:32.000,POINT (153.4250538143851 -27.957749086141067),2024-01-19,17,10,32.000,153.4250538143851,-27.957749086141067
11630,17:10:33.000,POINT (153.42504338557384 -27.957731915293788),2024-01-19,17,10,33.000,153.42504338557384,-27.957731915293788
11631,17:10:35.000,POINT (153.42502091779764 -27.95771037283234),2024-01-19,17,10,35.000,153.42502091779764,-27.95771037283234
11632,17:10:37.000,POINT (153.42500024948325 -27.957686310702528),2024-01-19,17,10,37.000,153.42500024948325,-27.957686310702528
11633,17:10:39.000,POINT (153.42498384680232 -27.957673461674823),2024-01-19,17,10,39.000,153.42498384680232,-27.957673461674823
11634,17:10:41.000,POINT (153.42497802866876 -27.95764189196187),2024-01-19,17,10,41.000,153.42497802866876,-27.95764189196187
11635,17:10:43.000,POINT (153.4249955747279 -27.957621829818855),2024-01-19,17,10,43.000,153.4249955747279,-27.957621829818855
11636,17:10:44.000,POINT (153.4249985358182 -27.957603010514653),2024-01-19,17,10,44.000,153.4249985358182,-27.957603010514653
11637,17:10:45.000,POINT (153.424986533149 -27.95758480965968),2024-01-19,17,10,45.000,153.424986533149,-27.95758480965968
11638,17:10:47.000,POINT (153.4249968477054 -27.957554871676162),2024-01-19,17,10,47.000,153.4249968477054,-27.957554871676162
11639,17:10:49.000,POINT (153.42501061036174 -27.957525303499207),2024-01-19,17,10,49.000,153.42501061036174,-27.957525303499207
11640,17:10:51.000,POINT (153.4250108155293 -27.957498104945287),2024-01-19,17,10,51.000,153.4250108155293,-27.957498104945287
11641,17:10:53.000,POINT (153.42502729797536 -27.957471716819327),2024-01-19,17,10,53.000,153.42502729797536,-27.957471716819327
11642,17:10:55.000,POINT (153.4250481371126 -27.95746102168456),2024-01-19,17,10,55.000,153.4250481371126,-27.95746102168456
11643,17:10:57.000,POINT (153.42505657239803 -27.95742907846686),2024-01-19,17,10,57.000,153.42505657239803,-27.95742907846686
11644,17:10:59.000,POINT (153.42506247592885 -27.957403823810633),2024-01-19,17,10,59.000,153.42506247592885,-27.957403823810633
11645,17:11:01.000,POINT (153.42507217851835 -27.957377492750716),2024-01-19,17,11,01.000,153.42507217851835,-27.957377492750716
11646,17:11:02.000,POINT (153.4250845682855 -27.957360205421136),2024-01-19,17,11,02.000,153.4250845682855,-27.957360205421136
11647,17:11:04.000,POINT (153.42509061887364 -27.95733060365578),2024-01-19,17,11,04.000,153.42509061887364,-27.95733060365578
11648,17:11:05.000,POINT (153.42509698562375 -27.957309990712346),2024-01-19,17,11,05.000,153.42509698562375,-27.957309990712346
11649,17:11:07.000,POINT (153.42510910958325 -27.95728362323204),2024-01-19,17,11,07.000,153.42510910958325,-27.95728362323204
11650,17:11:09.000,POINT (153.42512208801517 -27.95725431933751),2024-01-19,17,11,09.000,153.42512208801517,-27.95725431933751
11651,17:11:11.000,POINT (153.4251388919156 -27.95722503934424),2024-01-19,17,11,11.000,153.4251388919156,-27.95722503934424
11652,17:11:13.000,POINT (153.4251473305453 -27.957198912659674),2024-01-19,17,11,13.000,153.4251473305453,-27.957198912659674
11653,17:11:15.000,POINT (153.42514626561203 -27.957168225496293),2024-01-19,17,11,15.000,153.42514626561203,-27.957168225496293
11654,17:11:16.000,POINT (153.42515431857856 -27.957147706356533),2024-01-19,17,11,16.000,153.42515431857856,-27.957147706356533
11655,17:11:18.000,POINT (153.4251666378766 -27.957118353424654),2024-01-19,17,11,18.000,153.4251666378766,-27.957118353424654
11656,17:11:20.000,POINT (153.4251597980248 -27.95709063014913),2024-01-19,17,11,20.000,153.4251597980248,-27.95709063014913
11657,17:11:22.000,POINT (153.42514552482857 -27.95707109368619),2024-01-19,17,11,22.000,153.42514552482857,-27.95707109368619
11658,17:11:24.000,POINT (153.42515163145072 -27.95704788645258),2024-01-19,17,11,24.000,153.42515163145072,-27.95704788645258
11659,17:11:27.000,POINT (153.42512536457787 -27.95701990527222),2024-01-19,17,11,27.000,153.42512536457787,-27.95701990527222
11660,17:11:30.000,POINT (153.4251098612717 -27.956998610654736),2024-01-19,17,11,30.000,153.4251098612717,-27.956998610654736
11661,17:11:31.000,POINT (153.42510267124956 -27.956979709202486),2024-01-19,17,11,31.000,153.42510267124956,-27.956979709202486
11662,17:11:33.000,POINT (153.42509851067825 -27.956957081455492),2024-01-19,17,11,33.000,153.42509851067825,-27.956957081455492
11663,17:11:36.000,POINT (153.42507601965903 -27.95693576580794),2024-01-19,17,11,36.000,153.42507601965903,-27.95693576580794
11664,17:11:38.000,POINT (153.42505953316316 -27.95691533097109),2024-01-19,17,11,38.000,153.42505953316316,-27.95691533097109
11665,17:11:39.000,POINT (153.42502933521953 -27.95689623076704),2024-01-19,17,11,39.000,153.42502933521953,-27.95689623076704
11666,17:11:47.000,POINT (153.42503825119883 -27.956874892389806),2024-01-19,17,11,47.000,153.42503825119883,-27.956874892389806
11667,17:11:51.000,POINT (153.42506089946937 -27.956860510097282),2024-01-19,17,11,51.000,153.42506089946937,-27.956860510097282
11668,17:11:55.000,POINT (153.4250708172862 -27.956828760449387),2024-01-19,17,11,55.000,153.4250708172862,-27.956828760449387
11669,17:11:59.000,POINT (153.4250823944211 -27.956808379987994),2024-01-19,17,11,59.000,153.4250823944211,-27.956808379987994
11670,17:12:02.000,POINT (153.42509221765425 -27.9567918001453),2024-01-19,17,12,02.000,153.42509221765425,-27.9567918001453
11671,17:12:08.000,POINT (153.42507027994094 -27.956802539891733),2024-01-19,17,12,08.000,153.42507027994094,-27.956802539891733
11672,17:12:12.000,POINT (153.42505434905462 -27.956789439410123),2024-01-19,17,12,12.000,153.42505434905462,-27.956789439410123
11673,17:12:13.000,POINT (153.42505643543038 -27.956770461852315),2024-01-19,17,12,13.000,153.42505643543038,-27.956770461852315
11674,17:12:15.000,POINT (153.4250689874251 -27.956747440421367),2024-01-19,17,12,15.000,153.4250689874251,-27.956747440421367
11675,17:12:26.000,POINT (153.4250910054468 -27.956738855907506),2024-01-19,17,12,26.000,153.4250910054468,-27.956738855907506
11676,17:12:29.000,POINT (153.42511673265417 -27.956723737724342),2024-01-19,17,12,29.000,153.42511673265417,-27.956723737724342
11677,17:12:31.000,POINT (153.42512717491084 -27.956696309263073),2024-01-19,17,12,31.000,153.42512717491084,-27.956696309263073
11678,17:12:39.000,POINT (153.42513819524797 -27.956671243039775),2024-01-19,17,12,39.000,153.42513819524797,-27.956671243039775
11679,17:12:42.000,POINT (153.42513376379227 -27.956646875978226),2024-01-19,17,12,42.000,153.42513376379227,-27.956646875978226
11680,17:12:44.000,POINT (153.42513771713735 -27.956629169300598),2024-01-19,17,12,44.000,153.42513771713735,-27.956629169300598
11681,17:12:45.000,POINT (153.4251324650761 -27.956611690215713),2024-01-19,17,12,45.000,153.4251324650761,-27.956611690215713
11682,17:12:47.000,POINT (153.42511317237114 -27.956591444729334),2024-01-19,17,12,47.000,153.42511317237114,-27.956591444729334
11683,17:12:49.000,POINT (153.42509048746078 -27.956572338015235),2024-01-19,17,12,49.000,153.42509048746078,-27.956572338015235
11684,17:12:51.000,POINT (153.42507727062673 -27.95654526200841),2024-01-19,17,12,51.000,153.42507727062673,-27.95654526200841
11685,17:12:59.000,POINT (153.42505584046168 -27.956546323107784),2024-01-19,17,12,59.000,153.42505584046168,-27.956546323107784
11686,17:13:10.000,POINT (153.42502903087367 -27.956550075405648),2024-01-19,17,13,10.000,153.42502903087367,-27.956550075405648
11687,17:13:13.000,POINT (153.42501256885507 -27.956561452064687),2024-01-19,17,13,13.000,153.42501256885507,-27.956561452064687
11688,17:13:24.000,POINT (153.42503359871318 -27.956570496510512),2024-01-19,17,13,24.000,153.42503359871318,-27.956570496510512
11689,17:13:25.000,POINT (153.42503969029573 -27.9565881294669),2024-01-19,17,13,25.000,153.42503969029573,-27.9565881294669
11690,17:13:32.000,POINT (153.42503991078266 -27.95656682002827),2024-01-19,17,13,32.000,153.42503991078266,-27.95656682002827
11691,17:13:36.000,POINT (153.42501961716837 -27.956570737690974),2024-01-19,17,13,36.000,153.42501961716837,-27.956570737690974
11692,17:13:38.000,POINT (153.42499853308558 -27.956567093295885),2024-01-19,17,13,38.000,153.42499853308558,-27.956567093295885
11693,17:13:41.000,POINT (153.42499634502767 -27.9565471444355),2024-01-19,17,13,41.000,153.42499634502767,-27.9565471444355
11694,17:13:43.000,POINT (153.4250007812132 -27.95651426601638),2024-01-19,17,13,43.000,153.4250007812132,-27.95651426601638
11695,17:13:45.000,POINT (153.42501377133576 -27.956491647211603),2024-01-19,17,13,45.000,153.42501377133576,-27.956491647211603
11696,17:13:47.000,POINT (153.42501619750288 -27.956462983935154),2024-01-19,17,13,47.000,153.42501619750288,-27.956462983935154
11697,17:13:49.000,POINT (153.4250249594527 -27.956435443047642),2024-01-19,17,13,49.000,153.4250249594527,-27.956435443047642
11698,17:13:51.000,POINT (153.42501581490524 -27.9564032564709),2024-01-19,17,13,51.000,153.42501581490524,-27.9564032564709
11699,17:13:53.000,POINT (153.42501494300197 -27.95637716217574),2024-01-19,17,13,53.000,153.42501494300197,-27.95637716217574
11700,17:13:55.000,POINT (153.42501864139024 -27.95635864240144),2024-01-19,17,13,55.000,153.42501864139024,-27.95635864240144
11701,17:13:58.000,POINT (153.42501882574686 -27.956338080317238),2024-01-19,17,13,58.000,153.42501882574686,-27.956338080317238
11702,17:14:00.000,POINT (153.4250160616822 -27.95631371607759),2024-01-19,17,14,00.000,153.4250160616822,-27.95631371607759
11703,17:14:03.000,POINT (153.42499881483855 -27.956299473751),2024-01-19,17,14,03.000,153.42499881483855,-27.956299473751
11704,17:14:06.000,POINT (153.4249818077478 -27.95628015523262),2024-01-19,17,14,06.000,153.4249818077478,-27.95628015523262
11705,17:14:08.000,POINT (153.4249670689101 -27.956262208352506),2024-01-19,17,14,08.000,153.4249670689101,-27.956262208352506
11706,17:14:10.000,POINT (153.42496126952997 -27.956242109660188),2024-01-19,17,14,10.000,153.42496126952997,-27.956242109660188
11707,17:14:12.000,POINT (153.42494531097424 -27.9562240058103),2024-01-19,17,14,12.000,153.42494531097424,-27.9562240058103
11708,17:14:15.000,POINT (153.42494327468623 -27.956202366914397),2024-01-19,17,14,15.000,153.42494327468623,-27.956202366914397
11709,17:14:17.000,POINT (153.42492924542051 -27.956176438835982),2024-01-19,17,14,17.000,153.42492924542051,-27.956176438835982
11710,17:14:19.000,POINT (153.42491627214932 -27.95615350922385),2024-01-19,17,14,19.000,153.42491627214932,-27.95615350922385
11711,17:14:21.000,POINT (153.42489494616336 -27.95612874215461),2024-01-19,17,14,21.000,153.42489494616336,-27.95612874215461
11712,17:14:24.000,POINT (153.42487175087732 -27.95614284258902),2024-01-19,17,14,24.000,153.42487175087732,-27.95614284258902
11713,17:14:31.000,POINT (153.42485184134907 -27.95611794812639),2024-01-19,17,14,31.000,153.42485184134907,-27.95611794812639
11714,17:14:33.000,POINT (153.42484702346403 -27.95609478817458),2024-01-19,17,14,33.000,153.42484702346403,-27.95609478817458
11715,17:14:36.000,POINT (153.42482874006433 -27.956086672667073),2024-01-19,17,14,36.000,153.42482874006433,-27.956086672667073
11716,17:14:47.000,POINT (153.42485259551 -27.956088893711307),2024-01-19,17,14,47.000,153.42485259551,-27.956088893711307
11717,17:14:51.000,POINT (153.42487273950593 -27.956078241216332),2024-01-19,17,14,51.000,153.42487273950593,-27.956078241216332
11718,17:14:53.000,POINT (153.42486768585735 -27.956055816082817),2024-01-19,17,14,53.000,153.42486768585735,-27.956055816082817
11719,17:14:55.000,POINT (153.42485503711077 -27.95603863312332),2024-01-19,17,14,55.000,153.42485503711077,-27.95603863312332
11720,17:15:00.000,POINT (153.42486618281166 -27.95601620830774),2024-01-19,17,15,00.000,153.42486618281166,-27.95601620830774
11721,17:15:02.000,POINT (153.42488377825347 -27.95600419311527),2024-01-19,17,15,02.000,153.42488377825347,-27.95600419311527
11722,17:15:17.000,POINT (153.42487314018308 -27.956020723858124),2024-01-19,17,15,17.000,153.42487314018308,-27.956020723858124
11723,17:15:21.000,POINT (153.42488551571458 -27.95604438185624),2024-01-19,17,15,21.000,153.42488551571458,-27.95604438185624
11724,17:15:23.000,POINT (153.42489818664862 -27.956065265008633),2024-01-19,17,15,23.000,153.42489818664862,-27.956065265008633
11725,17:15:25.000,POINT (153.42489674163875 -27.95608466626546),2024-01-19,17,15,25.000,153.42489674163875,-27.95608466626546
11726,17:15:28.000,POINT (153.42489128030965 -27.956103112087195),2024-01-19,17,15,28.000,153.42489128030965,-27.956103112087195
11727,17:15:30.000,POINT (153.4248868205657 -27.95612724114236),2024-01-19,17,15,30.000,153.4248868205657,-27.95612724114236
11728,17:15:32.000,POINT (153.42491045607963 -27.95615258164445),2024-01-19,17,15,32.000,153.42491045607963,-27.95615258164445
11729,17:15:35.000,POINT (153.42492434870522 -27.956181954703535),2024-01-19,17,15,35.000,153.42492434870522,-27.956181954703535
11730,17:15:37.000,POINT (153.42492217509238 -27.956204940097194),2024-01-19,17,15,37.000,153.42492217509238,-27.956204940097194
11731,17:15:38.000,POINT (153.42493538842504 -27.956220336956516),2024-01-19,17,15,38.000,153.42493538842504,-27.956220336956516
11732,17:15:41.000,POINT (153.42493783463084 -27.956245727092373),2024-01-19,17,15,41.000,153.42493783463084,-27.956245727092373
11733,17:15:42.000,POINT (153.4249532618711 -27.95626944298207),2024-01-19,17,15,42.000,153.4249532618711,-27.95626944298207
11734,17:15:44.000,POINT (153.42498547297646 -27.956277738589566),2024-01-19,17,15,44.000,153.42498547297646,-27.956277738589566
11735,17:15:47.000,POINT (153.42501037347526 -27.956270756198904),2024-01-19,17,15,47.000,153.42501037347526,-27.956270756198904
11736,17:15:49.000,POINT (153.42502988054892 -27.95626487530616),2024-01-19,17,15,49.000,153.42502988054892,-27.95626487530616
11737,17:15:54.000,POINT (153.42502486550822 -27.956242025860384),2024-01-19,17,15,54.000,153.42502486550822,-27.956242025860384
11738,17:15:56.000,POINT (153.42503613913925 -27.95621524091255),2024-01-19,17,15,56.000,153.42503613913925,-27.95621524091255
11739,17:15:58.000,POINT (153.42504303948127 -27.956195301607043),2024-01-19,17,15,58.000,153.42504303948127,-27.956195301607043
11740,17:16:00.000,POINT (153.4250460028252 -27.95617743487578),2024-01-19,17,16,00.000,153.4250460028252,-27.95617743487578
11741,17:16:02.000,POINT (153.4250462812625 -27.956148514997974),2024-01-19,17,16,02.000,153.4250462812625,-27.956148514997974
11742,17:16:03.000,POINT (153.42505740846798 -27.956131121961104),2024-01-19,17,16,03.000,153.42505740846798,-27.956131121961104
11743,17:16:05.000,POINT (153.4250703281066 -27.95609821725895),2024-01-19,17,16,05.000,153.4250703281066,-27.95609821725895
11744,17:16:08.000,POINT (153.42505358624086 -27.956078048648784),2024-01-19,17,16,08.000,153.42505358624086,-27.956078048648784
11745,17:16:17.000,POINT (153.4250573291553 -27.956060048398992),2024-01-19,17,16,17.000,153.4250573291553,-27.956060048398992
11746,17:16:22.000,POINT (153.42507797824615 -27.956049384595214),2024-01-19,17,16,22.000,153.42507797824615,-27.956049384595214
11747,17:16:26.000,POINT (153.42505952577994 -27.95603191436112),2024-01-19,17,16,26.000,153.42505952577994,-27.95603191436112
11748,17:16:29.000,POINT (153.42505037649101 -27.956009551549585),2024-01-19,17,16,29.000,153.42505037649101,-27.956009551549585
11749,17:16:31.000,POINT (153.42504579636812 -27.955988693602436),2024-01-19,17,16,31.000,153.42504579636812,-27.955988693602436
11750,17:16:33.000,POINT (153.4250425205032 -27.95596550321126),2024-01-19,17,16,33.000,153.4250425205032,-27.95596550321126
11751,17:16:35.000,POINT (153.42505223998535 -27.955942299153673),2024-01-19,17,16,35.000,153.42505223998535,-27.955942299153673
11752,17:16:37.000,POINT (153.42505557049506 -27.9559123898617),2024-01-19,17,16,37.000,153.42505557049506,-27.9559123898617
11753,17:16:39.000,POINT (153.42504678727903 -27.955889399639016),2024-01-19,17,16,39.000,153.42504678727903,-27.955889399639016
11754,17:16:41.000,POINT (153.4250546022147 -27.955865279684588),2024-01-19,17,16,41.000,153.4250546022147,-27.955865279684588
11755,17:16:43.000,POINT (153.4250567788178 -27.95583760800232),2024-01-19,17,16,43.000,153.4250567788178,-27.95583760800232
11756,17:16:45.000,POINT (153.4250590585985 -27.95581112740405),2024-01-19,17,16,45.000,153.4250590585985,-27.95581112740405
11757,17:16:47.000,POINT (153.4250613509706 -27.955788005648234),2024-01-19,17,16,47.000,153.4250613509706,-27.955788005648234
11758,17:16:48.000,POINT (153.42506616451703 -27.95576826835182),2024-01-19,17,16,48.000,153.42506616451703,-27.95576826835182
11759,17:16:50.000,POINT (153.42508523233434 -27.95574603948155),2024-01-19,17,16,50.000,153.42508523233434,-27.95574603948155
11760,17:16:52.000,POINT (153.4251189678093 -27.95573068941647),2024-01-19,17,16,52.000,153.4251189678093,-27.95573068941647
11761,17:16:53.000,POINT (153.42513971728428 -27.955726080045437),2024-01-19,17,16,53.000,153.42513971728428,-27.955726080045437
11762,17:16:54.000,POINT (153.42515976567407 -27.955719033005362),2024-01-19,17,16,54.000,153.42515976567407,-27.955719033005362
11763,17:16:56.000,POINT (153.42519500100698 -27.955714773356544),2024-01-19,17,16,56.000,153.42519500100698,-27.955714773356544
11764,17:16:58.000,POINT (153.42522760539273 -27.955706999546553),2024-01-19,17,16,58.000,153.42522760539273,-27.955706999546553
11765,17:17:00.000,POINT (153.42525958506613 -27.95571280975408),2024-01-19,17,17,00.000,153.42525958506613,-27.95571280975408
11766,17:17:02.000,POINT (153.42529225480388 -27.95570973274798),2024-01-19,17,17,02.000,153.42529225480388,-27.95570973274798
11767,17:17:04.000,POINT (153.42531735301773 -27.955693696389126),2024-01-19,17,17,04.000,153.42531735301773,-27.955693696389126
11768,17:17:06.000,POINT (153.42531453408455 -27.955670024810097),2024-01-19,17,17,06.000,153.42531453408455,-27.955670024810097
11769,17:17:11.000,POINT (153.42532348000805 -27.955650493369863),2024-01-19,17,17,11.000,153.42532348000805,-27.955650493369863
11770,17:17:15.000,POINT (153.42530216897657 -27.955656725214105),2024-01-19,17,17,15.000,153.42530216897657,-27.955656725214105
11771,17:17:19.000,POINT (153.42530225053815 -27.95567579933317),2024-01-19,17,17,19.000,153.42530225053815,-27.95567579933317
11772,17:17:26.000,POINT (153.42531140144308 -27.955659470975803),2024-01-19,17,17,26.000,153.42531140144308,-27.955659470975803
11773,17:17:36.000,POINT (153.4253167797577 -27.95567871346865),2024-01-19,17,17,36.000,153.4253167797577,-27.95567871346865
11774,17:17:49.000,POINT (153.4253275687215 -27.95569476526937),2024-01-19,17,17,49.000,153.4253275687215,-27.95569476526937
11775,17:18:04.000,POINT (153.4253098624539 -27.95567655891577),2024-01-19,17,18,04.000,153.4253098624539,-27.95567655891577
11776,17:18:10.000,POINT (153.42530244983655 -27.95565565753171),2024-01-19,17,18,10.000,153.42530244983655,-27.95565565753171
11777,17:18:27.000,POINT (153.42531926069762 -27.955645511849195),2024-01-19,17,18,27.000,153.42531926069762,-27.955645511849195
11778,17:18:35.000,POINT (153.4252962720804 -27.955651455584697),2024-01-19,17,18,35.000,153.4252962720804,-27.955651455584697
11779,17:18:38.000,POINT (153.42532006795417 -27.955679180232607),2024-01-19,17,18,38.000,153.42532006795417,-27.955679180232607
11780,17:18:41.000,POINT (153.42534235969768 -27.955702273836096),2024-01-19,17,18,41.000,153.42534235969768,-27.955702273836096
11781,17:18:43.000,POINT (153.42537346134455 -27.955711496843918),2024-01-19,17,18,43.000,153.42537346134455,-27.955711496843918
11782,17:18:45.000,POINT (153.42541463017116 -27.955717413202166),2024-01-19,17,18,45.000,153.42541463017116,-27.955717413202166
11783,17:18:47.000,POINT (153.42543813898982 -27.955729045289686),2024-01-19,17,18,47.000,153.42543813898982,-27.955729045289686
11784,17:18:48.000,POINT (153.42546208723394 -27.95573396510874),2024-01-19,17,18,48.000,153.42546208723394,-27.95573396510874
11785,17:18:49.000,POINT (153.4254808248192 -27.955742956797284),2024-01-19,17,18,49.000,153.4254808248192,-27.955742956797284
11786,17:18:51.000,POINT (153.425505272361 -27.955755628991355),2024-01-19,17,18,51.000,153.425505272361,-27.955755628991355
11787,17:18:53.000,POINT (153.42553812917544 -27.955768713575704),2024-01-19,17,18,53.000,153.42553812917544,-27.955768713575704
11788,17:18:55.000,POINT (153.4255470363298 -27.955786382913036),2024-01-19,17,18,55.000,153.4255470363298,-27.955786382913036
11789,17:18:57.000,POINT (153.4255516624894 -27.95581774712438),2024-01-19,17,18,57.000,153.4255516624894,-27.95581774712438
11790,17:18:59.000,POINT (153.42556214382813 -27.955842082414847),2024-01-19,17,18,59.000,153.42556214382813,-27.955842082414847
11791,17:19:01.000,POINT (153.42558327951278 -27.955865281844797),2024-01-19,17,19,01.000,153.42558327951278,-27.955865281844797
11792,17:19:03.000,POINT (153.4255983349629 -27.955880299139523),2024-01-19,17,19,03.000,153.4255983349629,-27.955880299139523
11793,17:19:05.000,POINT (153.42560732265764 -27.955908014288095),2024-01-19,17,19,05.000,153.42560732265764,-27.955908014288095
11794,17:19:06.000,POINT (153.4256081502231 -27.955927020572645),2024-01-19,17,19,06.000,153.4256081502231,-27.955927020572645
11795,17:19:08.000,POINT (153.42560558223602 -27.955957663985327),2024-01-19,17,19,08.000,153.42560558223602,-27.955957663985327
11796,17:19:10.000,POINT (153.42559809137148 -27.955981478587816),2024-01-19,17,19,10.000,153.42559809137148,-27.955981478587816
11797,17:19:12.000,POINT (153.4255924632939 -27.95600765816169),2024-01-19,17,19,12.000,153.4255924632939,-27.95600765816169
11798,17:19:14.000,POINT (153.4255864767111 -27.9560369397538),2024-01-19,17,19,14.000,153.4255864767111,-27.9560369397538
11799,17:19:15.000,POINT (153.42557917632982 -27.95605432530907),2024-01-19,17,19,15.000,153.42557917632982,-27.95605432530907
11800,17:19:17.000,POINT (153.42557658638796 -27.956084711488728),2024-01-19,17,19,17.000,153.42557658638796,-27.956084711488728
11801,17:19:19.000,POINT (153.4255823193422 -27.956109496282608),2024-01-19,17,19,19.000,153.4255823193422,-27.956109496282608
11802,17:19:21.000,POINT (153.42557871324982 -27.956128928524294),2024-01-19,17,19,21.000,153.42557871324982,-27.956128928524294
11803,17:19:23.000,POINT (153.42557416978963 -27.95615364140729),2024-01-19,17,19,23.000,153.42557416978963,-27.95615364140729
11804,17:19:25.000,POINT (153.42557380383303 -27.95618026838921),2024-01-19,17,19,25.000,153.42557380383303,-27.95618026838921
11805,17:19:27.000,POINT (153.42556674023933 -27.95621108174387),2024-01-19,17,19,27.000,153.42556674023933,-27.95621108174387
11806,17:19:29.000,POINT (153.42555292904638 -27.956239157448554),2024-01-19,17,19,29.000,153.42555292904638,-27.956239157448554
11807,17:19:30.000,POINT (153.42554653253939 -27.95625645439357),2024-01-19,17,19,30.000,153.42554653253939,-27.95625645439357
11808,17:19:32.000,POINT (153.42553842327086 -27.956289400629387),2024-01-19,17,19,32.000,153.42553842327086,-27.956289400629387
11809,17:19:33.000,POINT (153.4255361437421 -27.956309729681845),2024-01-19,17,19,33.000,153.4255361437421,-27.956309729681845
11810,17:19:35.000,POINT (153.4255297069799 -27.95633800407567),2024-01-19,17,19,35.000,153.4255297069799,-27.95633800407567
11811,17:19:37.000,POINT (153.42553209144052 -27.956371766087365),2024-01-19,17,19,37.000,153.42553209144052,-27.956371766087365
11812,17:19:39.000,POINT (153.4255276687581 -27.95639079028088),2024-01-19,17,19,39.000,153.4255276687581,-27.95639079028088
11813,17:19:41.000,POINT (153.42551920447465 -27.9564093775931),2024-01-19,17,19,41.000,153.42551920447465,-27.9564093775931
11814,17:19:43.000,POINT (153.42550190340918 -27.95641972041458),2024-01-19,17,19,43.000,153.42550190340918,-27.95641972041458
11815,17:19:47.000,POINT (153.42551995808674 -27.956434747470016),2024-01-19,17,19,47.000,153.42551995808674,-27.956434747470016
11816,17:19:50.000,POINT (153.4255361353554 -27.956445898388015),2024-01-19,17,19,50.000,153.4255361353554,-27.956445898388015
11817,17:19:52.000,POINT (153.4255592037029 -27.95646078497358),2024-01-19,17,19,52.000,153.4255592037029,-27.95646078497358
11818,17:19:54.000,POINT (153.42558256600856 -27.956472809010126),2024-01-19,17,19,54.000,153.42558256600856,-27.956472809010126
11819,17:19:55.000,POINT (153.42560600085088 -27.956479138978178),2024-01-19,17,19,55.000,153.42560600085088,-27.956479138978178
11820,17:19:56.000,POINT (153.42563007086153 -27.956481448288244),2024-01-19,17,19,56.000,153.42563007086153,-27.956481448288244
11821,17:19:57.000,POINT (153.4256509846103 -27.956476810824185),2024-01-19,17,19,57.000,153.4256509846103,-27.956476810824185
11822,17:19:58.000,POINT (153.42566472475525 -27.956459918300208),2024-01-19,17,19,58.000,153.42566472475525,-27.956459918300208
11823,17:20:00.000,POINT (153.42568273104402 -27.956430720395822),2024-01-19,17,20,00.000,153.42568273104402,-27.956430720395822
